Partner,2002,2003,2004,2005,2006,2007,2008,2009,2010,2011,2012,2013,2014,2015,2016
World,6.93103E+11,7.24771E+11,8.14875E+11,9.01082E+11,1.02597E+12,1.1482E+12,1.28744E+12,1.05604E+12,1.27849E+12,1.48251E+12,1.54582E+12,1.57852E+12,1.62187E+12,1.5031E+12,1.45101E+12
Afghanistan,80011074,60758887,150391516,262153213,417393793,495283664,481633366,1508592966,2151400794,2921861778,1521555394,1410116220,812720949,478814161,912556615
Albania,14810034,9687873,20094075,18513925,27631235,33965115,40031060,48018565,46432350,47562162,54082290,74364825,51256821,30897665,50293415
Algeria,984414800,487381152,971581705,1106190448,1101903341,1652434839,1243228549,1107826652,1194325446,1596975135,1363163393,1848703921,2616922429,1875732769,2191231330
Andorra,10993901,8190542,11625376,10549473,8988508,14463888,15723474,9426362,7682080,5161272,2238367,5796907,3789433,3336817,2830268
Angola,374047169,490609324,593896743,929046776,1388849572,1242031263,2019179085,1423050894,1293490947,1503222549,1490579464,1443395524,2039267110,1166097632,1251284785
Anguilla,19865469,21489983,20783691,32186758,43139388,92544430,81032495,52914578,35575958,31193536,27409044,31037512,58385175,47602633,42888305
Antigua and Barbuda,81359228,127313765,125745287,190447421,193606251,240400286,182521043,156889923,158339672,154792008,204627966,145103078,216602773,677669756,260439950
Argentina,1585395999,2437303964,3388087564,4121861182,4775927712,5855853074,7536315425,5568885625,7392136090,9898793593,10258063599,10351132910,10822941337,9360759174,8512583764
Armenia,111846797,102784291,90655266,65483218,80368168,110609110,151418421,77094568,113450618,94316257,64299297,91221471,60410659,50246170,43578116
Aruba,464581524,355009130,384399551,558924451,510530936,528763861,680253631,445673618,540475447,713268343,710275291,1099787667,1300152489,1167640234,801366811
Australia,13084993973,13087602344,13957900450,15588519677,17545739796,19178197903,22218649074,19599303927,21804647444,27626182324,31161378813,26123737344,26681740360,25034081148,22159699406
Austria,2427417649,1768422220,1945663941,2544481273,2961458498,3109855557,2649130446,2536845631,2428561443,2893301793,3419658018,3519942333,3824796663,4024272203,3795629646
Azerbaijan,69640881,119781779,158792024,132462798,231094350,177607684,239100656,185236612,252516882,337884996,492623482,380998744,950256109,478052857,433527782
Bahamas,975309133,1074693697,1185751409,1786740047,2282366185,2468442608,2759541038,2504043054,3177987377,3441983410,3479076670,3447977493,3321494154,2386894981,2112174105
Bahrain,419331501,508402431,301784820,350784510,474459291,591325145,829534521,667407395,1235144570,1214407158,1176914298,1026301420,1060074551,1270671293,899432644
Bangladesh,269061189,225884184,289302576,319769758,332951338,455985590,468054418,434568444,575698015,1144148134,508180705,708777580,1113229387,942520126,905702645
Barbados,267646245,300095183,348431894,394920090,442486478,456986883,497390029,404773424,397391831,439876711,458567570,453339832,539925837,595420865,481578978
Belarus,19070983,84064237,32565395,34942759,74504642,101544112,134460264,137247760,133148863,156543879,102025447,95141886,93385923,59235576,195019464
Belgium,13325845798,15236053747,16871133449,18690606570,21339991410,25258518805,28903481869,21607727193,25457982517,29990463874,29438360969,31840185737,34736299812,34147370705,32097473342
Belize,137666560,198808473,151832036,217562773,238752478,234216134,352655245,252698520,289388047,355682393,265606023,240629948,236680434,285290252,267008928
Benin,35152791,30150963,45840357,72278749,115490858,289417071,846307384,397376762,462534820,617574838,572964557,605242564,780867876,631352383,235127528
Bermuda,415094319,401152475,461252862,490497944,634413551,660014871,821682240,807392576,636569462,611441769,622432927,537422110,646715539,600830614,628252195
Bhutan,954565,1008122,1923350,3052180,3216134,4050496,3960013,2742299,3504719,3838631,2488897,2351165,2422028,2641040,1975599
Bolivia,192068280,182749531,193854824,219479092,215237769,277677271,389305755,431413764,507981144,667847026,763010279,1051415463,1008600641,931791231,657289614
Bosnia and Herzegovina,31670712,21164794,27763600,17573793,51553635,20153042,34113666,21290698,26349510,21331785,15869518,38481079,46080139,27523733,29365009
Botswana,31700742,25867334,54126209,67272144,26878406,53844794,62177868,93244580,48496947,44273591,47983957,82090829,52861554,39286454,42427382
Brazil,12375977777,11211008059,13886423352,15371717849,18887031477,24172315213,32298654561,26095455340,35417674011,43018838986,43771278235,44105506964,42431727466,31640706233,30106933166
British Indian Ocean Territory,449357,3463906,3750948,806112,1301705,978717,1345244,1774962,1479708,2212415,2725208,762058,2099098,581016,5456460
British Virgin Islands,67359329,71061918,96725831,124856685,215003633,176177065,309884797,232953888,145778454,151474267,171759131,312726797,387827784,259758571,332920621
Brunei,46326343,37511593,47860373,49614155,47964160,139629502,111514845,100205408,124168019,184371635,157609639,558297839,549210120,133442833,614704027
Bulgaria,101420662,155682816,171874774,267934420,292957323,306140544,509444129,224157518,170881502,258589821,248545279,307323074,358890290,289185841,268645441
Burkina Faso,18779746,10954137,21983310,25110810,18104296,33139512,24492570,25823754,46587532,33260220,47276772,78571883,73991538,53875343,35387428
Burma (Myanmar),10140644,6864449,11699649,5464172,7541563,8709851,10755671,6906838,9650957,48949883,65765942,145830603,92856414,227163045,192892145
Burundi,1713981,2966057,17363721,8121178,5901104,6930327,7278372,8688287,14386303,32788844,19939674,16711425,5569408,5650192,8407312
CÃ´te d'Ivoire,76160664,102634337,118132556,124242832,147461219,161604087,254110055,206048254,162845207,131405294,188087985,167433243,239077767,266420328,291257959
Cambodia,29246202,57896615,58937757,69652929,74498253,138840903,154175269,127090376,153825031,186568289,226404530,241220345,328091257,391045876,360680702
Cameroon,155801720,90744197,99587226,117313887,120048004,132920223,125067070,153522465,132270395,220567654,253043417,335737087,301072860,224918873,189770772
Canada,1.60923E+11,1.69924E+11,1.8988E+11,2.11899E+11,2.30656E+11,2.48888E+11,2.6115E+11,2.04658E+11,2.49256E+11,2.81292E+11,2.92651E+11,3.00755E+11,3.12817E+11,2.80855E+11,2.66797E+11
Cape Verde,9644187,9119074,50969205,9871825,13619116,5571564,12247224,6387428,9975829,11462670,7765222,9134281,7283602,7324191,8693747
Cayman Islands,231564337,309183856,399929021,680670387,631688819,640184709,745896003,643342674,581661967,616500045,667727178,680366150,814123446,684956438,754246166
Central African Republic,6371301,7422470,30011885,14781003,25088871,19747922,23302776,31485494,10339636,12335446,8515840,4103350,32322366,34309874,9418675
Chad,127340130,64374425,41432975,53752155,61309347,66242263,62515460,62689577,89670008,35450336,36551674,41460707,66491850,56591528,32817284
Chile,2608988180,2715040776,3605984290,5133523351,6585849415,8148107198,11857443806,9345620179,10906674806,15993031002,18773140514,17515894876,16541390489,15449002991,12921842803
China,22127790292,28367942859,34427772456,41192010123,53673008343,62936891576,69732837543,69496678611,91911080944,1.04122E+11,1.10517E+11,1.21746E+11,1.23657E+11,1.15932E+11,1.15602E+11
Christmas Island,1183895,1034996,4486707,2005920,1076229,2544078,12981567,925955,1750269,1486081,4053949,466894,168931,1551179,1143404
Cocos (Keeling) Islands,966292,576026,5627161,1048051,757982,1231015,966209,1440652,728118,957218,932610,22169095,6040796,557620,779466
Colombia,3582476715,3755809010,4504994566,5462357164,6708603972,8557677097,11437270464,9451459411,12067665283,14335692038,16356802727,18371032417,20066601912,16302615611,13067395461
Comoros,143891,568440,744813,295219,108899,367032,411481,1631394,1259238,1095278,954373,3491014,3452794,1507078,1349892
Congo,52370619,78608460,65716604,104056096,138004892,140034863,184589852,276930001,254428015,227293001,237200621,222397877,321645703,249208061,130887171
Cook Islands,796393,2102321,934740,1372809,3027954,2393727,2790773,1963686,3858635,4604318,5504221,4869141,5325025,4249826,4650187
Costa Rica,3116478177,3413541792,3305858948,3598560177,4132381499,4580459896,5679825053,4699532055,5178268088,6099250515,7236638312,7223384099,6946684851,6044939443,5869633401
Croatia,78145835,196602114,130229411,158621993,146545016,247039191,466762837,201742862,311801078,511383383,310054427,308852551,339595076,332091863,285822455
Cuba,145649107,259127063,404140942,369034678,340470678,447061040,711500939,532777218,363112464,363316479,464458419,359609641,299064037,180215206,245454838
Curacao,0,0,0,0,0,0,0,0,0,484200988,691942132,687514148,611598106,521257313,876892293
Cyprus,193356299,212069117,96044691,84179247,198526441,169018830,217395819,179127346,134395198,97699749,166867197,143223588,151624371,101836735,182309665
Czech Republic,653745556,672149098,826617913,1053557481,1122604496,1262342930,1378420100,969635528,1410841262,1684705096,1832279706,1943358124,2302565213,1977076623,1962783617
Democratic Republic of Congo,28126965,30622308,66845789,64968131,70719051,112907113,130318867,79486985,93267329,165925390,199549248,169825711,181865401,136130785,82754412
Denmark,1495936194,1547791508,2146584137,1918423705,2268482228,2889652859,2711049826,2056087203,2132446964,2247948078,2224454815,2231067390,2360633497,2202934038,2238277078
Djibouti,58604631,31727314,43650054,47571125,47628575,58934056,140825944,196482984,122793059,129175500,118841640,164483264,110910147,144711021,132540743
Dominica,44972009,34331509,35989168,61540001,67998163,83832387,105399066,76601184,72843630,73675432,78934015,77679144,64186171,67312046,51084042
Dominican Republic,4250067810,4205449031,4358279476,4718733392,5350539554,6084052712,6594369844,5268819948,6579238536,7325686377,6967401065,7158187556,7928084046,7114708113,7756054349
East Germany,0,0,0,0,0,0,0,0,0,0,0,0,0,0,0
East Timor,147759,466576,9748772,8685474,11579082,10930555,5042480,2350110,4325772,8146198,1143436,1365128,1286987,2690584,1617009
Ecuador,1605656420,1446689053,1668613117,1963825872,2727195787,2935648657,3450017348,3937889182,5409439121,6078061107,6692731994,7678971679,8253758695,5818934970,4153212366
Egypt,2868427277,2606749104,3077754682,3159259288,4028986029,5259281033,6002196132,5253082399,6832542194,6228228507,5498319529,5175215624,6483088214,4758799911,3482699008
El Salvador,1664085644,1820916697,1867702448,1854286657,2152092495,2313065522,2461953266,2018691710,2433816689,3371560160,3095701213,3250238283,3305789664,3248766493,2932942341
Equatorial Guinea,108721950,335713079,215385602,281472431,551498185,236399700,184514829,305594459,272137422,285394250,233161535,756139906,574773691,161964373,278439393
Eritrea,28803401,87115990,53972737,31058711,8847564,6112826,14872461,6735077,2384567,4308872,5863859,13476312,5327596,3497538,3047902
Estonia,81486709,120562880,134267298,145425805,221419402,242279007,225553251,189474502,187880428,309602800,235986120,293183114,308546003,288591562,256552095
Ethiopia,60520040,409127300,302667124,455635812,137266509,167478262,301580906,266866655,773159838,689890633,1274672068,688507736,1668912927,1555249376,826247127
Falkland Islands (Malvinas),425456,988431,428678,9049418,1637590,973369,805502,2356305,2718134,3957498,4347073,1241492,7845600,2917708,1484575
Faroe Islands,4668217,13382154,9285555,2528152,3968862,2800199,14339798,9870000,2129580,3560628,1627283,2453563,2470184,2336863,2582134
Fiji,16900752,19546089,25407247,28177593,32548798,29942761,55020240,31172353,43972153,42628530,55608118,66885504,79501650,56904585,55049117
Finland,1534904874,1713295733,2069003776,2254052992,2647790945,3133422316,3760847433,1661981706,2179532042,3158720581,2566206117,2349052218,2150208015,1559122894,1572590790
France,19016155383,17053025550,20917747102,22258628050,23511819725,26675969747,28840096938,26493009350,26969951939,27856813717,30812883841,31743718451,31289479114,30054564087,31132081759
French Guiana,249740234,155708783,228338704,26993942,33142561,31342950,18032587,16758205,35703949,56718244,209231252,631200449,281020776,1073642767,678020087
French Polynesia,78911895,91477371,93082084,111838384,108158633,124414483,130331165,112758869,121590707,126618809,129855209,126189637,129553300,120041979,100121875
French Southern Territories,722692,336364,3308991,273678,129968,392357,4238293,963568,588625,1425658,1239070,1749592,8251616,8026602,4912096
Gabon,65515209,62995871,93045802,99105857,135294305,477645795,283989863,170755956,242998852,205151050,319048462,307983525,417347288,203872443,85017523
Gambia,9553128,26651360,23057741,30604418,21202373,20000988,28878320,33648113,29253787,29366112,27458509,34135359,41538614,37447980,40003766
Gaza Strip,18069,18400,28754,231120,266920,4634860,61183,22823,1830513,47297,105165,178138,169040,183934,169843
Georgia,98842965,131035280,227053529,213886826,263531198,364236656,586464121,363773252,300877770,580009236,541253019,601244307,627551843,340502111,324485852
Germany,26629618780,28831866553,31415881557,34183656274,41159115809,49419703142,54505255730,43306258441,48155263220,49294189419,48802968878,47363465586,49418841185,49945289522,49363423718
Ghana,192563198,209232186,309647595,337389713,289476368,416384899,608412179,715935461,989339154,1199086566,1322494666,981388029,1186287465,949974971,831997825
Gibraltar,25741728,14036146,137890900,163257568,286191706,593945617,2640683545,1086961229,1494144556,3148591117,5109058460,3576397600,2530894164,1979387908,1683639284
Greece,1151786088,2506478796,2063225674,1192248494,1554720496,2110206007,1931570736,2487064064,1106453110,1130969963,804136728,739038829,773336519,725598644,746602727
Greenland,4010024,2998415,3599703,5085009,2972467,4418684,34892248,7072819,8577516,7302165,15856790,19148034,12692465,8076839,4049956
Grenada,56405642,68420456,70103374,82440305,74178148,83264328,84437130,59211758,71243438,81834405,72112543,95251167,84018256,90473526,86802125
Guadeloupe,39680134,45650980,38206885,54512655,64986251,139085169,383935772,205820935,364529841,430951509,502522818,642437801,426604654,100959536,145828364
Guatemala,2044432021,2263394847,2551304685,2835380390,3511420817,4065051130,4718262816,3874527192,4476851241,6151169676,5748945279,5554588951,6045632737,5821129621,5840921757
Guinea,62937385,35817201,58845384,93597060,64750375,73531245,101802826,94793067,85061952,256160269,154622237,79462980,65185635,135284129,84190133
Guinea Bissau,2558586,1238467,1229200,2100355,5708642,6615356,2076775,1511184,3401580,11838657,21095196,6643733,2904280,2135320,3549712
Guyana,128207562,117148190,138411218,176704601,179440313,187879827,288518675,260367286,290703439,363441299,359571070,318863043,369986060,368134263,444672887
Haiti,573184565,639440583,672978156,709620597,817367312,680188060,943991127,790406627,1208576616,1058948781,1050229529,1227113799,1273739041,1140569428,1090775088
Heard Island and Mcdonald Islands,76069,405615,185212,160607,595097,1721670,308427,7113037,3654960,365259,499782,504268,1180334,913419,297004
Honduras,2571077176,2826242842,3078422244,3253813808,3687064970,4461359257,4846217272,3367600743,4606443933,6166370382,5714670349,5420255599,5961469116,5216039910,4829972476
Hong Kong,12594354646,13520462412,15827350453,16351028611,17742174911,19901654480,21498619389,21050525179,26570450803,36398784628,37471809096,42332232943,40913401409,37183102135,34894737300
Hungary,687860906,933262944,1142562781,1023258213,1187640766,1291867910,1430952895,1232876763,1290393339,1479338284,1566156776,1726956134,1843893619,1715290868,1844433021
Iceland,218992513,242082040,308551167,512019513,365791294,629632708,469500222,349502029,324882989,628054455,370820354,513396894,374921407,415457850,447729960
India,4101054638,4979693120,6109357025,7918602428,9673570797,14968845536,17682084740,16441395486,19248886968,21542184381,22105737858,21810447551,21499085305,21452973933,21652276958
Indonesia,2555831834,2516378492,2671411750,3053913961,3078476384,3969656878,5644478295,5106983972,6947852910,7421405814,7997976489,9106545145,8281008846,7117712331,6023675683
Iran,31811319,98922677,85119337,95773068,85865218,144697312,683175698,280371712,211398345,233183160,251122746,308142294,186701987,281916260,171950515
Iraq,31607458,309895407,856451848,1373986265,1490615192,1560201195,2069789108,1772408085,1643064073,2400364843,2053842278,2003374954,2105888234,1970509243,1266380958
Ireland,6745130852,7695662657,7551619955,8446771993,7621461208,7776969775,7610825492,7465002762,7275841853,7657624847,7392737072,6632235721,7807755566,8931379660,9565388909
Israel,7026655635,6892051704,9169053561,9737340849,10964817506,12887477039,14486863157,9559356487,11295020595,13961616095,14273498432,13743691038,15072955424,13539184428,13196577985
Italy,10056776121,10560572144,10684739525,11524325287,12546042512,14149624058,15460835761,12268011950,14219893087,16037489503,16097123281,16757095740,16968945258,16212366161,16707347272
Jamaica,1420186762,1469544613,1430779783,1700769277,2035665603,2315958604,2643366812,1440576002,1661396570,1934143237,1989288661,1979623696,2180230756,1716060897,1650157354
Japan,51449297862,52004277225,53568693666,54680579847,58458978071,61159582766,65141753124,51134184201,60471852133,65799736713,69975786856,65237414094,66891842650,62393096196,63236273767
Jordan,404437789,492444030,551541476,644195347,650333336,856173325,940321131,1191811231,1172174641,1449688144,1766366354,2085026459,2050123121,1359598985,1458918428
Kazakhstan,604647138,168241541,320398908,538286932,646175651,752764327,985519036,603491712,730293302,827138922,883647324,1150177842,1007956900,510470768,1111364404
Kenya,271222075,196465069,347522676,573365497,430745344,520374633,442372404,653631512,375348785,461441784,568583714,635695507,1640826022,943453507,396920529
Kiribati,3789402,1332667,1342466,2411608,1392300,1149509,7347540,824672,3977797,17667015,4605948,6983607,3293815,7320835,1148626
Kosovo,0,0,0,0,0,0,0,5002266,11183045,15572116,20832234,14544129,16343893,19743318,18355903
Kuwait,1014658939,1507276177,1519286675,1974875551,2086910362,2484016406,2719345826,1951143424,2774766577,2749651553,2681906798,2597538635,3649177022,2740643491,3295385691
Kyrgyzstan,31124175,39055159,29440381,31140901,71250326,48651043,44287417,56761574,79407764,101878738,145493810,106251152,71725049,32003481,20012459
Lao People's Democratic Republic,4204568,4721426,5878436,9807849,6958897,5464940,18346685,20321593,12644576,26084818,33494345,24400348,28713310,24584007,30878093
Latvia,90811451,123739476,121101121,177537085,245468729,381391440,393968241,288594228,344952057,585962167,514791562,494564967,428187574,267111087,273002574
Lebanon,317444308,314085677,463985245,465688546,930689826,825888292,1463832577,1852147275,2009038480,1807311627,1039943000,1034263176,1267896689,1286047254,1170635891
Lesotho,2021905,5097676,5483683,4015033,4028604,7525706,1339723,16630440,11330245,13181171,16514237,571144,2449565,881897,2839262
Liberia,27693474,33313740,60914602,69320320,67840342,75769497,156687752,94745252,191351777,195207824,241089095,173207630,184502715,135815547,158025481
Libyan Arab Jamahiriya,18270411,225546,39202016,83841985,383744472,510834249,720871828,665507651,665533976,307238676,549022033,864473039,532031879,231336899,190267750
Liechtenstein,14511028,15943502,10831757,19716500,15835002,16183424,29259009,23482968,29267415,62346285,21972859,22055946,31102552,35475476,24575172
Lithuania,102819120,162319323,295103827,390027824,566639841,720302048,831259516,398538386,628120466,1141936078,756983833,854235543,681234694,528184140,463523628
Luxembourg,480141993,279107844,639851628,711383070,581322055,925549780,988035453,1292061259,1439673708,1585845119,1903143233,1848801276,1516227821,1394174730,1453055435
Macau; SAR of China,79037234,54585518,85516120,101575899,200225783,226447445,306742843,209196460,225189155,291499829,345460636,351203334,433391819,542389229,632050930
Macedonia,18632191,26126439,21234299,31556267,22426182,33561327,36114737,34837071,33332833,29456706,21117500,54778259,33850337,30678977,45921629
Madagascar,15399224,46251595,35648993,28205237,44737462,32129605,70754620,105868563,115994454,56283902,64275029,64007569,46811501,54553731,41974174
Malawi,30111737,16632130,21653944,28049237,45741929,51499475,44943925,40423565,37001180,56973282,63951198,54498745,50669581,37201602,46613125
Malaysia,10343653601,10914061711,10850176912,10460833167,12443999494,11680201598,12949454144,10403284106,14079484478,14264019831,12817723181,13015887589,13068986012,12278501039,11831899502
Maldives,4126316,6579641,9872865,9255550,17647304,19321264,20294509,17424044,28284498,44835389,30051856,28778952,28985734,35143208,30969447
Mali,11164423,31447402,42940934,32421928,43130545,31901355,30908863,36747987,37274320,55077612,59745089,49893003,38462373,72426079,73061846
Malta,210066466,202252866,181300727,193709217,162538078,207214338,253437906,208459569,457387915,752427011,390983065,563593854,917602024,490665964,292465016
Marshall Islands,28732933,28174812,18759966,75484350,15487320,22887016,25148907,77579432,91184680,143791762,142133251,65478036,94570567,53807652,283324468
Martinique,23735269,21686646,28094296,34959990,32425501,193908207,288848377,263426197,296799785,339595962,370668017,381786515,331415726,132669428,144639404
Mauritania,22866587,34880600,34403132,86135221,90146958,102657391,106603830,56280371,84343006,243310966,291593870,244685427,148823898,126279168,116252672
Mauritius,27451631,31977614,28437153,30860179,35584108,49793601,51280301,70031102,40027845,46369941,95986858,42095310,35525527,58435311,86962467
Mayotte,14569,0,270439,0,11724,243119,57814,1168097,6282489,4572023,11610143,8520110,12087472,5697333,2829427
Mexico,97470271485,97411793347,1.10731E+11,1.20248E+11,1.33722E+11,1.35918E+11,1.5122E+11,1.28892E+11,1.63665E+11,1.98289E+11,2.15875E+11,2.25954E+11,2.41007E+11,2.36204E+11,2.29702E+11
Micronesia (Federated States of),27215103,23610237,24604539,25349268,29584985,37824810,54502889,51947959,42389761,44072040,51491652,41566161,41523205,40032614,42965269
Moldova; Republic of,30659918,25124869,39463829,40069837,30093862,52668339,66237298,26644083,37813517,39569462,38267976,45602639,35188566,16163682,14996342
Monaco,11434372,50296685,18163831,16776668,33485803,42757654,62734955,17968911,49192767,20664012,24306080,465907393,127638099,71128048,69242270
Mongolia,66273120,20684897,28127594,21879286,23058259,26032828,57248374,40514385,115518352,315176816,664955251,279573362,167478862,69177420,55383672
Montenegro,0,0,0,0,0,45306063,53185501,34787868,14554803,17673009,12397402,21683955,18179413,11133957,16711327
Montserrat,5135665,7944685,6057004,4848606,14377481,4774256,8564674,5883151,4746579,6903084,8566354,8616652,9181522,6640011,9485273
Morocco,565429661,468499361,498307570,480792527,837929033,1294157002,1435863486,1630259886,1947613644,2823307066,2170396557,2483726772,2101654296,1624802519,1932525686
Mozambique,94613571,62076734,76450499,62825299,64369218,114979532,213387796,189612914,224019682,459242488,351608971,303016499,375163570,264203995,149440989
Namibia,57776625,27997340,74513300,112249178,126928878,127834398,280324325,202339839,110184585,136564152,184614633,235244409,342745211,127617698,212949766
Nauru,2873655,1865039,726889,1624750,3782469,8140371,11240397,3687213,2492127,499196,2208920,758585,812299,1733650,494811
Nepal,19973542,16303724,25019031,24704668,16641805,28966464,28543659,31006805,28269192,40354262,37013899,32513730,36334623,36414272,40641922
Netherlands,18310700887,20695009298,24139701019,26467744578,30959583096,32836958949,39719476892,32241517656,34740302131,42227119015,40618286512,42577045423,43141223376,40210651302,39690153606
Netherlands Antilles,741406792,746857272,824200356,1137633614,1485065922,2082020131,2951625832,2055809980,2943154831,1187093257,0,0,0,0,0
New Caledonia,36598335,43231190,45066132,38403106,43607213,57785454,89120063,77859989,108035793,115339950,75103196,72868672,121389089,88666191,65911535
New Zealand,1813090988,1847707506,2072881798,2592076963,2806165775,2717562746,2533906801,2158504659,2820164709,3581197846,3228539259,3225401631,4257761816,3630700528,3574383400
Nicaragua,437028716,501655086,592430711,625460463,751563512,889963276,1094246692,715129472,981363718,1058585304,1128213231,1059306367,1008556849,1267399783,1479204271
Niger,40903721,33618604,34026714,78511944,129173968,69308772,50007174,58240607,48886203,48152287,37367471,46194680,58530382,71605993,66301431
Nigeria,1057765943,1016861767,1554314906,1619788459,2233465992,2777942084,4102387055,3687083853,4060548125,4904789052,5029335221,6388352516,5965869381,3435051357,1894931771
Niue,332595,61803,613285,607643,2540329,1662323,509662,1209612,1570975,716169,771748,249064,111564,71371,75803
Norfolk Island,221048,384262,397632,391532,1939424,1527492,3952840,864840,661175,1043984,1228303,1730958,829925,350312,122379
North Korea,25012257,7977400,23750195,5757048,0,1728160,52151230,856793,2867073,9405834,11952220,6582817,24028661,4751721,139334
Norway,1406476125,1465898293,1604325037,1941882004,2393968843,3040287529,3292198210,2789788721,3099984444,3629656458,3501159741,4616023641,4420750352,3570398787,3924417266
Oman,355988029,322408567,330113184,570725120,828660320,1059179720,1381973854,1126324482,1105209532,1436672881,1746916573,1570964193,2014250100,2355313431,1804081708
Other Countries,187100846,185711004,223996560,216283336,124385407,441208607,182997431,233738869,375897966,225387686,175000278,179871109,101833,0,1771484
Pakistan,693399497,843218928,1680083316,1251631940,1722633113,1943577099,1897845402,1617950218,1901071676,1988785840,1530065196,1645795477,1512816427,1837954459,2107520209
Palau,18521423,15834465,17166436,12225240,10755456,13803500,14065965,14796127,14157003,16831030,16755532,18237634,20521307,25634214,25694149
Panama,1406668117,1848734593,1772470119,2162020485,2660135037,3669201342,4887253843,4292943517,6065898991,8251646494,9828759247,10564548080,10140091953,7674371970,6128003884
Papua New Guinea,23247691,30275992,42635450,55347872,43761533,65888833,70047324,217804185,186079364,304028723,391381919,166733845,143251616,207793894,126318312
Paraguay,432880922,483662004,622872325,895819607,910768324,1236732017,1609936531,1355033256,1810053906,1977345845,1743208491,1932782887,2115595792,1491695557,1970313796
Peru,1562464431,1698531073,2101024891,2309446378,2926839982,4119773437,6182968633,4918842351,6749545624,8341864469,9348621449,10120124634,10055208643,8723968906,7954997340
Philippines,7275982328,7987298248,7086974609,6895406023,7616937667,7712299275,8294867172,5766367618,7376713359,7727870939,8087361107,8403390567,8453447361,7901832878,8199780576
Pitcairn Islands,6082742,3031593,2369109,456290,1365209,1894797,0,568212,3683,15696,40527,0,55591,17405,51658
Poland,686310464,758133744,929243442,1267748385,1960750731,3123428696,4130606117,2301516671,2982925333,3143110865,3346364002,3778311068,3660578608,3715526849,3657654026
Portugal,861271061,862461378,1046078629,1131865366,1470513405,2478481445,2645976274,1084847582,1057882127,1315990308,1097095847,844350936,1120670649,942518384,947974953
Qatar,313949805,407512561,454857542,986642413,1278589136,2523625528,2715854933,2713238087,3159769790,2806681719,3577715161,4957973407,5172548120,4222393023,4925704553
Reunion,2318566,2147091,2619765,3785910,4378145,4753124,8446395,9448244,8214437,154882932,7566899,8774205,11072320,6905271,449559483
Romania,248246589,366894734,525375198,608858767,554007617,676587084,1048179130,672003377,729792681,918551681,832745398,746508997,977213972,753747879,694547260
Russian Federation,2396964154,2447218211,2960996609,3962270261,4700325257,7283267667,9334581764,5332081493,5993665458,8318439250,10695291383,11144747483,10752405030,7086535713,5791672600
Rwanda,10185014,7918639,11199108,10534162,11684654,16050053,20449259,34145955,30608174,119651782,30489992,25191269,21219489,14281660,74666080
Saint Helena,2103427,2285481,7132017,2732629,1754323,3279597,2034633,2893506,692094,1901890,4847886,2866797,489827,3720487,746138
Saint Kitts and Nevis,49460951,58767790,60326577,94069439,127215672,110676625,123894416,108056908,131030912,115840644,106150374,142958744,180068984,149735796,144530266
Saint Lucia,99499159,119544308,105297266,135389135,149061140,165252471,241025030,136219773,401530949,315651418,376957631,594301914,693823181,515415136,438802252
Saint Pierre and Miquelon,801329,84544,652107,980031,446610,221553,400795,135133,14691,118559,179852,261629,4364,227459,62460
Saint Vincent and the Grenadines,40448783,46216288,45462339,45411401,58326805,68952798,82692856,74851479,85970257,80602721,98707927,93180570,103619626,84722498,93595862
Samoa,7606825,10548690,12407583,14538961,18293393,16716327,13306266,18683664,19124418,23786831,24702919,28394642,22948737,22719660,27982493
San Marino,5828774,5972087,3954174,4676009,8965182,13890976,9328760,8132793,3990083,2009836,1347152,1873295,5977212,5011879,4653976
Sao Tome and Principe,1973506,1394508,3707514,10153283,3709233,8414824,3268944,4018129,1358738,6123966,870234,1998050,1088495,853963,1994248
Saudi Arabia,4780735939,4595749142,5256748140,6805402418,7639533026,10395890781,12484248431,10792157268,11506200861,13923664673,17961238469,18962914928,18716920271,19790447422,17972302130
Senegal,74624935,101813201,89420141,141499953,96865399,150414680,137103698,175723538,218782926,265150828,149125719,229108446,170875243,198825180,184329381
Serbia,0,0,0,0,0,109583090,207357458,112594021,104469213,126632272,127658133,141973440,135035904,126269420,145142099
Serbia and Montenegro,78107743,49937003,142933461,132496330,147142660,0,0,0,0,0,0,0,0,0,0
Seychelles,8244982,7162995,13813411,17912292,9525964,9473317,24967766,34068446,10681706,13056829,14968779,12189931,12451133,18542809,12431693
Sierra Leone,25459491,28244360,40624624,37829353,39246151,55420539,59360501,42537601,61057483,102791973,100735979,82411287,87931206,77325724,63175925
Singapore,16217920468,16560174923,19397373146,20466073458,23825546496,25618565860,27853610178,22231821976,29008615357,31282363017,30523214544,30665030257,30067829728,28474339456,26724875540
Sint Maarten,0,0,0,0,0,0,0,0,0,397678059,702440846,828898068,777566086,741204275,711499452
Slovakia,92696658,115203591,131679530,149800634,422476654,503251782,547543286,209588452,255851944,302411668,335549229,295818376,445176240,379538474,293193246
Slovenia,130855079,139491087,191998901,233830317,239128814,296840744,309595949,243645097,328108783,668166646,307877888,269491341,301210859,346040192,331199274
Solomon Islands,1543147,1834376,2753570,2297431,5680255,5438181,5246192,6020700,4953653,6056589,7254847,8933554,6599026,5861309,9898289
Somalia,6165509,7020377,9133636,8831504,19945456,20693618,64345393,4099468,1457879,6081543,16734553,15959166,35653738,45026584,38827482
South Africa,2525541192,2819271402,3178505994,3906946741,4461696778,5521396823,6490469811,4452643478,5631664767,7271282389,7552773511,7293400316,6375482804,5457334993,4605242570
South Korea,22575758149,24072584914,26186736005,27571605977,32219124163,34401709969,34668671020,28611928167,38820637297,43461636035,42282565212,41648727506,44649563379,43484320510,42309379233
South Sudan,0,0,0,0,0,0,0,0,0,7361905,32540784,13417224,46148430,19613532,9739895
Spain,5297869109,5929861037,6542618569,6839116578,7401168666,9766108527,12189817902,8716930087,10355445923,11031589790,9551906914,10244036471,10199805485,10309932538,10397702482
Sri Lanka,171879128,154655509,164060189,197631294,236645925,227147226,283253936,229571323,178740142,303547816,223950414,311911749,350640136,361948145,368036403
Sudan,10813508,26199406,68358117,108105454,76924039,79129315,143305018,78414774,115617732,74694129,55491290,88268450,77168737,59514997,55492002
Suriname,124757210,192654612,179188616,245701079,258783296,303625324,406402258,380392824,362090799,433918837,499266829,449846279,519004152,443632080,302368768
Svalbard and Jan Mayen Island,617111,2909866,977832,5677609,5729024,926112,2204770,868604,7674628,2052453,125458,1633247,3394498,380164,148427
Swaziland,11469937,8222889,12383850,11856893,12091430,29002898,12120383,14552515,23582688,20075203,40226860,22681861,25679849,28521751,25610904
Sweden,3153002993,3223395766,3244171021,3715368620,4125937735,4472726015,5018258734,4560785212,4739888118,5265007755,5247930905,4318640022,4336699085,3939287895,3813888400
Switzerland,7782549475,8656375445,9279928575,10717528064,14375043637,17039261465,22023645856,17504409869,20703849321,24486242385,26406154155,26558942638,22204420118,22153698737,22776734657
Syrian Arab Republic,274076293,214010022,212978066,155049379,224314878,361420332,408864143,303870805,503311144,230164836,19471324,21644824,6845935,3072304,3490887
Taiwan,18381828531,17447883485,21585195883,21614496927,22709360952,25828669191,24926275971,18485640877,26050037333,25932497638,24337097719,25522769412,26675060570,25823169252,26037327541
Tajikistan,33129097,49959733,55704725,28786700,43090408,52685573,51428157,41171507,57013199,178246296,54186972,51874112,24503388,18985373,21323840
Tanzania; United Republic of,62686157,64740050,127644822,96443910,160673885,173961966,169325571,157948337,163499769,260183381,245389981,411953494,302129379,172816873,157566013
Thailand,4860186150,5835312939,6368436539,7256616259,7915383466,8336419189,9066556735,6918398273,8976381744,10929873027,10887802586,11797010707,11814963097,11229127122,10444885789
Togo,13790465,15238971,23709491,27928388,108427734,287594314,117125699,124798314,157620745,209689039,370550165,1007500845,1024635368,311816374,229441845
Tokelau Islands,18004307,15171726,25395831,79822527,44750446,55422404,39335534,12926185,3938459,4886393,13422094,828055,1387753,341222,2474242
Tonga,11011298,5738295,7293736,9685131,10537182,13233104,13730360,12942138,20678902,19269574,26892624,19238838,20031820,13817538,15198674
Trinidad and Tobago,1020211480,1063297413,1207578238,1416748479,1614598036,1779841581,2250213184,1988348722,1924931875,2185137885,2477825749,2408396126,2411378967,2511608542,2341302091
Tunisia,194809930,170508559,258166185,261166520,362970070,402999020,502430863,501332614,572780850,597007683,614865677,907186423,831395799,602417421,527267385
Turkey,3112992163,2900216978,3362263977,4238966194,5291178158,6498756060,9958671254,7094632437,10538481925,14695214372,12474727209,12078652726,11650079451,9520080048,9387950641
Turkmenistan,47128313,34203470,262259469,215170092,112840364,127290102,59705800,293658852,39965764,70967048,92019532,261778552,455524961,80832991,106203204
Turks and Caicos Islands,53585655,71891742,137423498,237752693,365682812,395783826,434413482,247865657,189434305,204953122,209629786,225789558,281915001,279679103,296600399
Tuvalu,70128,76572,322376,42460,64290,51512,130423,151784,620945,724161,612146,560260,591900,625636,1139541
Uganda,23973253,41692111,63360683,62573652,50551989,80348803,88525002,119061119,93513814,94038056,100125293,122740389,78262341,88310729,69056790
Ukraine,254811895,230558745,399400823,532954308,756245355,1342099159,1868037332,886859797,1348816161,2138824978,1936270509,1924811744,1239036086,862158955,1077261945
United Arab Emirates,3593182869,3508267529,4080037812,8119527357,10277016479,10786648688,14417398443,12210863357,11662455901,15921629417,22559108724,24476064517,22115343552,23005938593,22401496913
United Kingdom,33204699178,33827929642,35901658238,38568083046,45410106533,49981491297,53599069711,45703598254,48410311047,56033108347,54860484359,47361236230,53913170241,56095110874,55288857821
Uruguay,208561741,326494173,326063241,356676188,482235804,640772589,893056253,745087443,975277447,1258319413,1359476870,1754607247,1606555041,1295102796,1114550266
Uzbekistan,138527959,256091912,191991429,73826609,53894688,88754314,300659063,97536884,101148237,102560932,284611052,356435025,212945403,137962928,317880066
Vanuatu,852512,1266994,9467203,9138578,9059099,23948479,63755418,3903181,18940232,5152275,99515739,34439495,21196729,5867876,7813525
Vatican City,2897797,2963792,4155024,24181227,12037913,18266111,9275122,7351678,3193465,2291281,4803261,2467299,2573365,2226547,825344
Venezuela,4429657759,2830974363,4767416082,6420897723,9002343708,10200506826,12610041006,9315456954,10644795910,12383426246,17516968263,13200529914,11178341652,8343979212,5232755971
Viet Nam,580196885,1323781554,1105470811,1193152202,1100283809,1903057411,2789448762,3097194382,3705548752,4315220420,4622882579,5036763709,5732472749,7100540039,10100430184
Wallis and Futuna,241066,552136,168566,408737,178050,212545,706910,535497,778132,338897,602240,637535,350213,376841,225156
West Bank,278018,479325,238357,3720993,2272497,13009291,290252,620793,714402,1145816,1521509,894527,1755072,859737,1169369
Western Sahara,0,28112,22603,28656,16063,344442,91132,158569,53902,31131,58850,156076,276987,32113,93983
Yemen,366110013,191400003,232335659,219048520,254925318,642086903,401463803,381131640,397765730,389745032,469466337,518251949,368898721,158009761,171411285
Zambia,35735439,19460457,26399404,29113109,51633652,69394927,78704324,57273292,56415126,129784635,146788830,141148845,114121914,84170835,81634685
Zimbabwe,49320550,41675627,47297131,45540976,47583947,105250099,92874918,85459651,67565121,61598378,53478276,60513567,48706474,37844983,30061773
